{"stats":{"minecraft:crafted":{"minecraft:leather_leggings":2,"minecraft:leather_boots":2,"minecraft:map":3,"minecraft:leather_helmet":2,"minecraft:leather_chestplate":2},"minecraft:picked_up":{"minecraft:ladder":2,"minecraft:filled_map":10,"minecraft:lantern":2,"minecraft:flint_and_steel":1,"minecraft:compass":1,"minecraft:diamond_leggings":1,"minecraft:wheat_seeds":4,"minecraft:smooth_stone":1,"minecraft:iron_ingot":1,"minecraft:smooth_quartz":12,"minecraft:diamond_hoe":1,"minecraft:dandelion":1,"minecraft:sand":38,"minecraft:diamond_block":1,"minecraft:spruce_door":1,"minecraft:lever":1,"minecraft:diamond_boots":1,"minecraft:bone_meal":1,"minecraft:red_concrete":2,"minecraft:light_gray_carpet":5,"minecraft:cod":20},"minecraft:used":{"minecraft:dark_oak_stairs":130,"minecraft:water_bucket":749,"minecraft:iron_bars":27,"minecraft:enchanting_table":3,"minecraft:iron_ore":8,"minecraft:cobblestone_stairs":654,"minecraft:spruce_door":8,"minecraft:flint_and_steel":23,"minecraft:birch_leaves":80,"minecraft:armor_stand":23,"minecraft:polished_andesite":490,"minecraft:spruce_slab":314,"minecraft:redstone":1,"minecraft:oak_sign":4,"minecraft:ladder":77,"minecraft:cartography_table":1,"minecraft:light_gray_carpet":102,"minecraft:andesite_slab":350,"minecraft:spruce_planks":378,"minecraft:chest":13,"minecraft:ender_chest":2,"minecraft:stone":11973,"minecraft:redstone_block":3,"minecraft:spruce_sign":2,"minecraft:cauldron":1,"minecraft:beacon":5,"minecraft:cobblestone_slab":457,"minecraft:netherrack":24,"minecraft:oak_leaves":430,"minecraft:spruce_leaves":5,"minecraft:white_wool":17,"minecraft:dark_oak_trapdoor":5,"minecraft:dragon_egg":1,"minecraft:mossy_cobblestone":13,"minecraft:diamond_block":33,"minecraft:dirt":5,"minecraft:sand":546,"minecraft:anvil":2,"minecraft:crafting_table":29,"minecraft:hopper":7,"minecraft:blue_stained_glass":19,"minecraft:spruce_stairs":219,"minecraft:cobblestone_wall":83,"minecraft:yellow_stained_glass_pane":3,"minecraft:stone_stairs":566,"minecraft:white_bed":1,"minecraft:campfire":5,"minecraft:oak_wood":1984,"minecraft:gray_concrete":58,"minecraft:spruce_fence":324,"minecraft:purple_stained_glass":495,"minecraft:andesite_wall":168,"minecraft:oak_log":222,"minecraft:purple_stained_glass_pane":131,"minecraft:blue_stained_glass_pane":51,"minecraft:dark_oak_planks":178,"minecraft:stone_brick_slab":323,"minecraft:sea_lantern":56,"minecraft:diamond_pickaxe":1,"minecraft:black_concrete":357,"minecraft:bookshelf":71,"minecraft:black_stained_glass_pane":8,"minecraft:command_block":6,"minecraft:spruce_wood":1,"minecraft:lantern":97,"minecraft:iron_block":67,"minecraft:grass_block":171,"minecraft:stone_button":3,"minecraft:barrier":204,"minecraft:map":27,"minecraft:spruce_pressure_plate":2,"minecraft:stone_slab":698,"minecraft:dark_oak_slab":57,"minecraft:spruce_trapdoor":146,"minecraft:gravel":40,"minecraft:stone_brick_stairs":915,"minecraft:stone_bricks":3475,"minecraft:item_frame":38,"minecraft:chiseled_stone_bricks":90,"minecraft:glowstone":83,"minecraft:cobblestone":845,"minecraft:brown_carpet":3,"minecraft:black_stained_glass":16,"minecraft:hay_block":14,"minecraft:emerald_block":28,"minecraft:purple_bed":2,"minecraft:white_banner":18,"minecraft:furnace":1,"minecraft:grindstone":2,"minecraft:white_stained_glass_pane":4,"minecraft:andesite_stairs":202,"minecraft:andesite":75,"minecraft:gold_block":36,"minecraft:sea_pickle":132,"minecraft:stone_pressure_plate":11,"minecraft:smooth_stone":202,"minecraft:observer":5,"minecraft:orange_stained_glass_pane":3,"minecraft:seagrass":367,"minecraft:bone_meal":1588,"minecraft:gray_stained_glass":3},"minecraft:dropped":{"minecraft:crafting_table":1,"minecraft:iron_helmet":1,"minecraft:cod":1,"minecraft:item_frame":1,"minecraft:filled_map":30,"minecraft:diamond_chestplate":1,"minecraft:dragon_egg":1,"minecraft:iron_chestplate":1,"minecraft:map":1,"minecraft:iron_leggings":1},"minecraft:custom":{"minecraft:interact_with_crafting_table":15,"minecraft:interact_with_cartography_table":1,"minecraft:fill_cauldron":1,"minecraft:play_one_minute":2092593,"minecraft:leave_game":24,"minecraft:time_since_death":2092575,"minecraft:climb_one_cm":21779,"minecraft:time_since_rest":2092593,"minecraft:sprint_one_cm":587695,"minecraft:walk_one_cm":2048805,"minecraft:drop":39,"minecraft:damage_dealt":67,"minecraft:interact_with_beacon":9,"minecraft:swim_one_cm":3643,"minecraft:fly_one_cm":17976368,"minecraft:crouch_one_cm":143305,"minecraft:sneak_time":157802,"minecraft:walk_under_water_one_cm":327697,"minecraft:jump":3452,"minecraft:walk_on_water_one_cm":350943,"minecraft:enchant_item":9},"minecraft:mined":{"minecraft:purple_bed":1}},"DataVersion":1976}