{"stats":{"minecraft:used":{"minecraft:stone_bricks":242,"minecraft:cracked_stone_bricks":35,"minecraft:lever":5,"minecraft:glowstone":37,"minecraft:red_nether_brick_wall":11,"minecraft:cobblestone":10,"minecraft:dark_prismarine_slab":36,"minecraft:tnt":9,"minecraft:grass_block":1,"minecraft:red_concrete":19,"minecraft:bone_block":2,"minecraft:smooth_quartz":252,"minecraft:spruce_log":2,"minecraft:smooth_stone":68,"minecraft:green_stained_glass":34},"minecraft:custom":{"minecraft:time_since_rest":31076,"minecraft:play_one_minute":31076,"minecraft:crouch_one_cm":301,"minecraft:sprint_one_cm":24,"minecraft:walk_one_cm":1251,"minecraft:sneak_time":1882,"minecraft:walk_under_water_one_cm":1349,"minecraft:jump":17,"minecraft:leave_game":2,"minecraft:walk_on_water_one_cm":1767,"minecraft:time_since_death":31076,"minecraft:fly_one_cm":713198},"minecraft:picked_up":{"minecraft:cracked_stone_bricks":1,"minecraft:lever":2,"minecraft:smooth_quartz":7,"minecraft:red_concrete":1}},"DataVersion":1976}